"quarter","quarter_date","receiving_country","sending_country","amount_usd","total_cost_pct","mto_cost_pct","bank_cost_pct","fee_pct","fx_margin_pct","total_cost_pct_500","num_services","pct_digital","vol_usd_mn_2023"
"2011Q1",2011-01-01,"Nepal","Saudi Arabia",200,7.624,5.656,13.528,4.549,3.344,6.607,11,0.029,1020
"2011Q2",2011-04-01,"Nepal","Saudi Arabia",200,7.545,5.569,13.472,4.628,2.879,6.083,10,0.074,1020
"2011Q3",2011-07-01,"Nepal","Saudi Arabia",200,7.689,5.737,13.544,3.722,3.371,6.539,17,0.083,1020
"2011Q4",2011-10-01,"Nepal","Saudi Arabia",200,7.524,5.552,13.438,4.807,4.089,6.629,15,0.076,1020
"2012Q1",2012-01-01,"Nepal","Saudi Arabia",200,6.792,4.719,13.01,3.455,3.035,5.383,14,0.111,1020
"2012Q2",2012-04-01,"Nepal","Saudi Arabia",200,6.399,4.274,12.775,3.071,2.563,5.456,6,0.079,1020
"2012Q3",2012-07-01,"Nepal","Saudi Arabia",200,7.141,5.126,13.188,4.241,2.87,5.694,11,0.121,1020
"2012Q4",2012-10-01,"Nepal","Saudi Arabia",200,7.149,5.138,13.182,3.681,3.277,5.729,12,0.15,1020
"2013Q1",2013-01-01,"Nepal","Saudi Arabia",200,6.757,4.694,12.947,4.093,3.243,5.862,11,0.148,1020
"2013Q2",2013-04-01,"Nepal","Saudi Arabia",200,6.934,4.9,13.037,3.667,2.893,5.584,10,0.183,1020
"2013Q3",2013-07-01,"Nepal","Saudi Arabia",200,7.394,5.429,13.29,4.331,2.678,6.277,8,0.21,1020
"2013Q4",2013-10-01,"Nepal","Saudi Arabia",200,7.839,5.941,13.533,4.744,3.451,6.944,11,0.178,1020
"2014Q1",2014-01-01,"Nepal","Saudi Arabia",200,7.485,5.54,13.32,3.65,3.876,6.066,7,0.193,1020
"2014Q2",2014-04-01,"Nepal","Saudi Arabia",200,7.309,5.342,13.209,3.331,3.398,6.273,11,0.245,1020
"2014Q3",2014-07-01,"Nepal","Saudi Arabia",200,6.797,4.761,12.906,3.243,2.859,5.774,16,0.236,1020
"2014Q4",2014-10-01,"Nepal","Saudi Arabia",200,7.064,5.07,13.047,4.14,3.246,5.982,13,0.292,1020
"2015Q1",2015-01-01,"Nepal","Saudi Arabia",200,6.926,4.915,12.957,4.411,3.66,5.79,9,0.226,1020
"2015Q2",2015-04-01,"Nepal","Saudi Arabia",200,7.12,5.141,13.058,3.988,3.19,6.062,12,0.335,1020
"2015Q3",2015-07-01,"Nepal","Saudi Arabia",200,7.292,5.341,13.145,4.159,2.802,6.166,17,0.316,1020
"2015Q4",2015-10-01,"Nepal","Saudi Arabia",200,7.472,5.55,13.238,3.657,3.427,6.637,12,0.36,1020
"2016Q1",2016-01-01,"Nepal","Saudi Arabia",200,7.138,5.172,13.036,3.976,3.871,6.207,13,0.366,1020
"2016Q2",2016-04-01,"Nepal","Saudi Arabia",200,7.221,5.27,13.072,3.509,2.98,5.733,18,0.37,1020
"2016Q3",2016-07-01,"Nepal","Saudi Arabia",200,6.677,4.652,12.751,3.608,3.432,5.647,13,0.36,1020
"2016Q4",2016-10-01,"Nepal","Saudi Arabia",200,6.585,4.551,12.688,3.381,2.709,5.665,16,0.395,1020
"2017Q1",2017-01-01,"Nepal","Saudi Arabia",200,6.503,4.46,12.63,3.077,2.517,5.361,10,0.4,1020
"2017Q2",2017-04-01,"Nepal","Saudi Arabia",200,6.033,3.927,12.351,2.939,2.17,5.22,11,0.397,1020
"2017Q3",2017-07-01,"Nepal","Saudi Arabia",200,6.384,4.332,12.541,3.805,2.548,5.347,8,0.445,1020
"2017Q4",2017-10-01,"Nepal","Saudi Arabia",200,6.63,4.616,12.67,3.529,2.786,5.809,17,0.458,1020
"2018Q1",2018-01-01,"Nepal","Saudi Arabia",200,6.618,4.606,12.653,3.526,2.527,5.211,8,0.46,1020
"2018Q2",2018-04-01,"Nepal","Saudi Arabia",200,6.895,4.926,12.801,3.765,2.833,5.583,15,0.484,1020
"2018Q3",2018-07-01,"Nepal","Saudi Arabia",200,6.661,4.663,12.656,3.567,2.355,5.64,12,0.473,1020
"2018Q4",2018-10-01,"Nepal","Saudi Arabia",200,6.343,4.302,12.464,3.027,3.484,5.272,10,0.507,1020
"2019Q1",2019-01-01,"Nepal","Saudi Arabia",200,6.614,4.616,12.608,4.067,3.379,5.581,15,0.55,1020
"2019Q2",2019-04-01,"Nepal","Saudi Arabia",200,6.44,4.421,12.498,3.661,2.366,5.578,17,0.55,1020
"2019Q3",2019-07-01,"Nepal","Saudi Arabia",200,6.918,4.971,12.76,4.212,3.625,5.588,8,0.55,1020
"2019Q4",2019-10-01,"Nepal","Saudi Arabia",200,6.703,4.728,12.627,4.047,3.089,5.481,12,0.55,1020
"2020Q1",2020-01-01,"Nepal","Saudi Arabia",200,6.849,4.899,12.699,4.339,2.974,5.947,10,0.55,1020
"2020Q2",2020-04-01,"Nepal","Saudi Arabia",200,6.839,4.891,12.683,4.257,2.486,6.016,12,0.55,1020
"2020Q3",2020-07-01,"Nepal","Saudi Arabia",200,6.533,4.544,12.497,3.354,3.02,5.394,16,0.55,1020
"2020Q4",2020-10-01,"Nepal","Saudi Arabia",200,6.958,5.034,12.73,3.492,2.534,5.847,8,0.55,1020
"2021Q1",2021-01-01,"Nepal","Saudi Arabia",200,6.959,5.038,12.719,4.164,2.73,6.116,12,0.55,1020
"2021Q2",2021-04-01,"Nepal","Saudi Arabia",200,6.804,4.865,12.62,4.079,3.129,5.774,11,0.55,1020
"2021Q3",2021-07-01,"Nepal","Saudi Arabia",200,6.75,4.807,12.578,4.277,3.013,5.335,8,0.55,1020
"2021Q4",2021-10-01,"Nepal","Saudi Arabia",200,6.813,4.883,12.604,4.147,2.602,5.362,10,0.55,1020
"2022Q1",2022-01-01,"Nepal","Saudi Arabia",200,6.687,4.742,12.521,3.187,2.54,5.612,11,0.55,1020
"2022Q2",2022-04-01,"Nepal","Saudi Arabia",200,5.791,3.722,11.999,2.939,2.605,4.88,13,0.55,1020
"2022Q3",2022-07-01,"Nepal","Saudi Arabia",200,6.105,4.084,12.167,2.985,3.285,5.081,14,0.55,1020
"2022Q4",2022-10-01,"Nepal","Saudi Arabia",200,6.111,4.095,12.16,3.708,2.547,5.096,9,0.55,1020
"2023Q1",2023-01-01,"Nepal","Saudi Arabia",200,6.25,4.258,12.229,2.974,2.423,5.375,14,0.55,1020
"2023Q2",2023-04-01,"Nepal","Saudi Arabia",200,6.428,4.464,12.32,3.059,2.597,4.942,7,0.55,1020
"2023Q3",2023-07-01,"Nepal","Saudi Arabia",200,6.739,4.823,12.487,3.13,3.074,5.591,12,0.55,1020
"2023Q4",2023-10-01,"Nepal","Saudi Arabia",200,6.358,4.391,12.258,2.928,2.252,5.492,15,0.55,1020
"2024Q1",2024-01-01,"Nepal","Saudi Arabia",200,6.651,4.73,12.415,3.701,3.391,5.703,8,0.55,1020
"2024Q2",2024-04-01,"Nepal","Saudi Arabia",200,6.564,4.634,12.354,3.101,2.442,5.113,11,0.55,1020
"2024Q3",2024-07-01,"Nepal","Saudi Arabia",200,6.686,4.777,12.413,4.003,3.062,5.678,12,0.55,1020
"2024Q4",2024-10-01,"Nepal","Saudi Arabia",200,6.718,4.817,12.421,4.006,3.119,5.461,12,0.55,1020
"2025Q1",2025-01-01,"Nepal","Saudi Arabia",200,6.675,4.772,12.386,4.186,3.163,5.244,8,0.55,1020
"2025Q2",2025-04-01,"Nepal","Saudi Arabia",200,6.176,4.205,12.09,3.418,3.045,4.683,6,0.55,1020
"2025Q3",2025-07-01,"Nepal","Saudi Arabia",200,6.117,4.141,12.045,3.795,2.292,5.016,10,0.55,1020
"2011Q1",2011-01-01,"Nepal","Qatar",200,8.007,5.979,14.09,4.412,4.392,6.828,16,0.032,980
"2011Q2",2011-04-01,"Nepal","Qatar",200,7.905,5.867,14.021,3.878,3.883,6.937,16,0.046,980
"2011Q3",2011-07-01,"Nepal","Qatar",200,8.494,6.543,14.345,5.04,3.212,7.242,13,0.083,980
"2011Q4",2011-10-01,"Nepal","Qatar",200,8.338,6.369,14.246,5.033,2.933,7.274,16,0.096,980
"2012Q1",2012-01-01,"Nepal","Qatar",200,8.34,6.375,14.235,4.931,4.064,7.507,9,0.094,980
"2012Q2",2012-04-01,"Nepal","Qatar",200,8.772,6.873,14.471,4.284,4.266,7.939,15,0.113,980
"2012Q3",2012-07-01,"Nepal","Qatar",200,8.316,6.355,14.2,4.238,4.437,6.842,10,0.112,980
"2012Q4",2012-10-01,"Nepal","Qatar",200,7.934,5.922,13.97,4.086,3.425,6.975,13,0.138,980
"2013Q1",2013-01-01,"Nepal","Qatar",200,7.774,5.743,13.868,4.388,3.378,6.966,11,0.137,980
"2013Q2",2013-04-01,"Nepal","Qatar",200,7.545,5.484,13.725,4.727,3.451,6.592,11,0.155,980
"2013Q3",2013-07-01,"Nepal","Qatar",200,7.412,5.337,13.639,4.636,3.208,6.573,14,0.166,980
"2013Q4",2013-10-01,"Nepal","Qatar",200,7.443,5.376,13.645,3.924,2.75,6.478,8,0.223,980
"2014Q1",2014-01-01,"Nepal","Qatar",200,7.209,5.111,13.5,4.307,3.071,6.127,11,0.244,980
"2014Q2",2014-04-01,"Nepal","Qatar",200,7.33,5.254,13.558,4.466,2.856,6.52,13,0.23,980
"2014Q3",2014-07-01,"Nepal","Qatar",200,7.393,5.33,13.583,4.398,3.659,6.34,11,0.231,980
"2014Q4",2014-10-01,"Nepal","Qatar",200,7.304,5.232,13.521,3.85,2.573,6.095,12,0.268,980
"2015Q1",2015-01-01,"Nepal","Qatar",200,7.713,5.703,13.743,3.931,4.117,6.489,11,0.331,980
"2015Q2",2015-04-01,"Nepal","Qatar",200,7.36,5.304,13.531,3.397,3.901,6.376,17,0.343,980
"2015Q3",2015-07-01,"Nepal","Qatar",200,7.233,5.162,13.447,4.23,3.623,5.961,14,0.284,980
"2015Q4",2015-10-01,"Nepal","Qatar",200,7.324,5.269,13.488,3.586,3.958,5.869,21,0.327,980
"2016Q1",2016-01-01,"Nepal","Qatar",200,7.475,5.446,13.563,4.298,3.551,6.672,10,0.381,980
"2016Q2",2016-04-01,"Nepal","Qatar",200,7.527,5.509,13.581,3.595,3.622,6.176,14,0.365,980
"2016Q3",2016-07-01,"Nepal","Qatar",200,7.363,5.325,13.477,3.863,3.139,5.998,18,0.414,980
"2016Q4",2016-10-01,"Nepal","Qatar",200,7.286,5.241,13.422,3.736,2.646,6.435,13,0.391,980
"2017Q1",2017-01-01,"Nepal","Qatar",200,7.062,4.988,13.282,4.329,3.447,5.865,9,0.426,980
"2017Q2",2017-04-01,"Nepal","Qatar",200,6.918,4.827,13.189,3.623,2.598,5.74,9,0.434,980
"2017Q3",2017-07-01,"Nepal","Qatar",200,7.152,5.099,13.311,3.847,2.92,6.255,12,0.511,980
"2017Q4",2017-10-01,"Nepal","Qatar",200,7.147,5.097,13.298,3.844,3.405,6.154,16,0.48,980
"2018Q1",2018-01-01,"Nepal","Qatar",200,7.27,5.242,13.357,4.147,3.112,6.224,14,0.454,980
"2018Q2",2018-04-01,"Nepal","Qatar",200,6.871,4.789,13.117,3.647,2.502,5.502,6,0.482,980
"2018Q3",2018-07-01,"Nepal","Qatar",200,7.187,5.154,13.287,4.612,3.757,6.267,10,0.517,980
"2018Q4",2018-10-01,"Nepal","Qatar",200,7.247,5.226,13.31,4.668,3.095,6.082,12,0.488,980
"2019Q1",2019-01-01,"Nepal","Qatar",200,7.042,4.995,13.182,4.457,3.409,5.707,8,0.506,980
"2019Q2",2019-04-01,"Nepal","Qatar",200,7.379,5.384,13.363,3.443,2.614,6.377,14,0.536,980
"2019Q3",2019-07-01,"Nepal","Qatar",200,7.643,5.69,13.503,4.168,3.585,6.537,6,0.55,980
"2019Q4",2019-10-01,"Nepal","Qatar",200,7.482,5.509,13.4,3.874,3.032,6.213,12,0.55,980
"2020Q1",2020-01-01,"Nepal","Qatar",200,7.227,5.221,13.243,4.225,3.106,6.401,11,0.55,980
"2020Q2",2020-04-01,"Nepal","Qatar",200,6.739,4.668,12.953,3.891,2.555,5.547,11,0.55,980
"2020Q3",2020-07-01,"Nepal","Qatar",200,6.644,4.563,12.888,4.132,3.421,5.192,11,0.55,980
"2020Q4",2020-10-01,"Nepal","Qatar",200,7.043,5.023,13.105,4.505,2.663,5.939,13,0.55,980
"2021Q1",2021-01-01,"Nepal","Qatar",200,7.179,5.181,13.171,4.054,3.818,5.723,13,0.55,980
"2021Q2",2021-04-01,"Nepal","Qatar",200,7.196,5.205,13.169,4.008,3.814,5.711,11,0.55,980
"2021Q3",2021-07-01,"Nepal","Qatar",200,6.954,4.932,13.02,4.439,2.702,5.681,6,0.55,980
"2021Q4",2021-10-01,"Nepal","Qatar",200,6.703,4.648,12.865,4.212,3.059,5.694,8,0.55,980
"2022Q1",2022-01-01,"Nepal","Qatar",200,6.892,4.868,12.962,3.667,3.132,5.946,8,0.55,980
"2022Q2",2022-04-01,"Nepal","Qatar",200,6.721,4.677,12.854,3.092,2.568,5.698,14,0.55,980
"2022Q3",2022-07-01,"Nepal","Qatar",200,6.387,4.299,12.652,3.868,2.899,4.989,11,0.55,980
"2022Q4",2022-10-01,"Nepal","Qatar",200,6.31,4.215,12.596,4.008,2.492,5.468,13,0.55,980
"2023Q1",2023-01-01,"Nepal","Qatar",200,6.328,4.238,12.595,3.325,2.571,5.4,7,0.55,980
"2023Q2",2023-04-01,"Nepal","Qatar",200,6.718,4.688,12.807,3.352,3.028,5.579,10,0.55,980
"2023Q3",2023-07-01,"Nepal","Qatar",200,7.081,5.107,13.003,3.31,2.703,6.044,14,0.55,980
"2023Q4",2023-10-01,"Nepal","Qatar",200,7.087,5.117,12.996,3.743,3.785,5.718,11,0.55,980
"2024Q1",2024-01-01,"Nepal","Qatar",200,6.533,4.488,12.668,3.179,2.939,5.124,12,0.55,980
"2024Q2",2024-04-01,"Nepal","Qatar",200,6.525,4.483,12.652,3.111,3.087,5.712,12,0.55,980
"2024Q3",2024-07-01,"Nepal","Qatar",200,6.173,4.084,12.44,3.096,3.079,4.796,16,0.55,980
"2024Q4",2024-10-01,"Nepal","Qatar",200,6.52,4.484,12.627,3.655,3.086,5.439,10,0.55,980
"2025Q1",2025-01-01,"Nepal","Qatar",200,6.597,4.576,12.66,3.164,3.536,5.327,14,0.55,980
"2025Q2",2025-04-01,"Nepal","Qatar",200,6.91,4.938,12.828,4.44,2.53,6.027,15,0.55,980
"2025Q3",2025-07-01,"Nepal","Qatar",200,6.638,4.631,12.661,4.241,2.361,5.505,8,0.55,980
"2011Q1",2011-01-01,"Nepal","UAE",200,6.829,4.834,12.817,3.611,3.184,5.777,13,0.028,920
"2011Q2",2011-04-01,"Nepal","UAE",200,6.892,4.909,12.842,4.375,3.455,6.044,17,0.059,920
"2011Q3",2011-07-01,"Nepal","UAE",200,6.717,4.712,12.732,3.935,3.046,5.665,11,0.057,920
"2011Q4",2011-10-01,"Nepal","UAE",200,6.327,4.269,12.499,3.755,2.562,4.839,10,0.081,920
"2012Q1",2012-01-01,"Nepal","UAE",200,6.546,4.523,12.613,3.884,2.873,5.613,13,0.152,920
"2012Q2",2012-04-01,"Nepal","UAE",200,6.999,5.045,12.862,3.469,3.703,5.589,13,0.092,920
"2012Q3",2012-07-01,"Nepal","UAE",200,7.48,5.598,13.127,3.978,3.996,6.602,16,0.139,920
"2012Q4",2012-10-01,"Nepal","UAE",200,7.267,5.358,12.995,4.1,3.301,6.331,15,0.199,920
"2013Q1",2013-01-01,"Nepal","UAE",200,7.108,5.179,12.894,4.449,3.577,5.797,13,0.153,920
"2013Q2",2013-04-01,"Nepal","UAE",200,7.277,5.376,12.98,4.14,3.663,6.288,11,0.208,920
"2013Q3",2013-07-01,"Nepal","UAE",200,7.13,5.211,12.886,4.518,3.691,6.183,17,0.167,920
"2013Q4",2013-10-01,"Nepal","UAE",200,6.904,4.956,12.746,3.592,3.715,5.696,6,0.215,920
"2014Q1",2014-01-01,"Nepal","UAE",200,6.417,4.403,12.457,3.213,2.788,5.558,10,0.201,920
"2014Q2",2014-04-01,"Nepal","UAE",200,6.239,4.203,12.346,3.699,2.938,5.109,13,0.208,920
"2014Q3",2014-07-01,"Nepal","UAE",200,6.561,4.575,12.52,3.239,2.585,5.547,8,0.237,920
"2014Q4",2014-10-01,"Nepal","UAE",200,6.255,4.229,12.334,3.37,3.264,4.832,13,0.249,920
"2015Q1",2015-01-01,"Nepal","UAE",200,6.72,4.764,12.59,3.96,3.599,5.772,10,0.277,920
"2015Q2",2015-04-01,"Nepal","UAE",200,6.361,4.357,12.374,3.719,2.969,5.196,10,0.284,920
"2015Q3",2015-07-01,"Nepal","UAE",200,6.439,4.449,12.408,3.13,3.102,5.629,10,0.318,920
"2015Q4",2015-10-01,"Nepal","UAE",200,6.526,4.552,12.448,3.892,2.369,5.357,15,0.348,920
"2016Q1",2016-01-01,"Nepal","UAE",200,6.566,4.601,12.46,3.383,2.619,5.496,12,0.332,920
"2016Q2",2016-04-01,"Nepal","UAE",200,6.623,4.67,12.483,3.447,2.992,5.822,11,0.368,920
"2016Q3",2016-07-01,"Nepal","UAE",200,6.765,4.836,12.554,4.112,3.065,5.569,14,0.341,920
"2016Q4",2016-10-01,"Nepal","UAE",200,6.651,4.709,12.478,3.478,3.344,5.537,19,0.401,920
"2017Q1",2017-01-01,"Nepal","UAE",200,6.541,4.586,12.405,3.314,2.64,5.309,12,0.422,920
"2017Q2",2017-04-01,"Nepal","UAE",200,6.572,4.625,12.413,3.3,3.204,5.737,12,0.409,920
"2017Q3",2017-07-01,"Nepal","UAE",200,6.425,4.461,12.318,2.926,2.966,5.168,17,0.457,920
"2017Q4",2017-10-01,"Nepal","UAE",200,6.845,4.944,12.548,3.979,2.986,5.819,13,0.509,920
"2018Q1",2018-01-01,"Nepal","UAE",200,6.114,4.112,12.12,3.665,3.193,5.203,9,0.48,920
"2018Q2",2018-04-01,"Nepal","UAE",200,6.505,4.563,12.333,3.749,2.422,5.557,12,0.488,920
"2018Q3",2018-07-01,"Nepal","UAE",200,6.396,4.441,12.26,2.948,2.643,5.335,13,0.55,920
"2018Q4",2018-10-01,"Nepal","UAE",200,6.496,4.559,12.308,3.608,3.236,5.225,14,0.541,920
"2019Q1",2019-01-01,"Nepal","UAE",200,6.695,4.79,12.411,3.13,3.075,5.786,9,0.55,920
"2019Q2",2019-04-01,"Nepal","UAE",200,6.765,4.874,12.441,3.41,2.611,5.683,17,0.55,920
"2019Q3",2019-07-01,"Nepal","UAE",200,6.405,4.465,12.225,2.884,3.115,5.421,16,0.55,920
"2019Q4",2019-10-01,"Nepal","UAE",200,6.763,4.878,12.419,3.999,2.51,5.718,14,0.55,920
"2020Q1",2020-01-01,"Nepal","UAE",200,6.132,4.16,12.048,3.737,2.5,5.253,10,0.55,920
"2020Q2",2020-04-01,"Nepal","UAE",200,6.396,4.465,12.189,3.05,3.165,5.391,11,0.55,920
"2020Q3",2020-07-01,"Nepal","UAE",200,6.184,4.227,12.057,3.524,2.221,5.292,6,0.55,920
"2020Q4",2020-10-01,"Nepal","UAE",200,5.678,3.652,11.758,2.963,2.111,4.558,8,0.55,920
"2021Q1",2021-01-01,"Nepal","UAE",200,5.379,3.313,11.577,3.15,2.332,4.064,8,0.55,920
"2021Q2",2021-04-01,"Nepal","UAE",200,5.744,3.733,11.775,3.005,2.696,4.906,10,0.55,920
"2021Q3",2021-07-01,"Nepal","UAE",200,6.472,4.569,12.181,3.949,2.521,5.397,17,0.55,920
"2021Q4",2021-10-01,"Nepal","UAE",200,6.388,4.477,12.122,4.136,2.876,4.999,11,0.55,920
"2022Q1",2022-01-01,"Nepal","UAE",200,6.553,4.668,12.206,3.582,3.374,5.474,13,0.55,920
"2022Q2",2022-04-01,"Nepal","UAE",200,6.565,4.686,12.203,3.058,2.419,5.446,10,0.55,920
"2022Q3",2022-07-01,"Nepal","UAE",200,6.171,4.239,11.968,2.943,2.741,4.701,14,0.55,920
"2022Q4",2022-10-01,"Nepal","UAE",200,6.348,4.444,12.058,3.992,3.34,5.005,15,0.55,920
"2023Q1",2023-01-01,"Nepal","UAE",200,6.286,4.377,12.013,3.726,2.748,5.152,16,0.55,920
"2023Q2",2023-04-01,"Nepal","UAE",200,6.201,4.283,11.954,3.875,2.513,4.712,14,0.55,920
"2023Q3",2023-07-01,"Nepal","UAE",200,6.349,4.456,12.028,4.005,2.295,5.342,18,0.55,920
"2023Q4",2023-10-01,"Nepal","UAE",200,6.362,4.474,12.025,3.47,3.352,5.435,9,0.55,920
"2024Q1",2024-01-01,"Nepal","UAE",200,5.999,4.063,11.807,2.78,2.277,4.658,14,0.55,920
"2024Q2",2024-04-01,"Nepal","UAE",200,6.04,4.113,11.821,3.588,2.497,4.63,14,0.55,920
"2024Q3",2024-07-01,"Nepal","UAE",200,5.717,3.747,11.626,2.884,2.779,4.698,10,0.55,920
"2024Q4",2024-10-01,"Nepal","UAE",200,5.913,3.975,11.728,3.047,2.404,4.473,15,0.55,920
"2025Q1",2025-01-01,"Nepal","UAE",200,5.742,3.783,11.62,3.026,2.498,4.302,13,0.55,920
"2025Q2",2025-04-01,"Nepal","UAE",200,5.863,3.924,11.678,3.026,2.624,4.497,13,0.55,920
"2025Q3",2025-07-01,"Nepal","UAE",200,5.903,3.974,11.691,2.773,2.351,4.856,16,0.55,920
"2011Q1",2011-01-01,"Nepal","Malaysia",200,6.167,4.106,12.353,3.453,3.187,4.911,9,0.041,960
"2011Q2",2011-04-01,"Nepal","Malaysia",200,6.085,4.016,12.294,3.45,2.489,5.266,17,0.056,960
"2011Q3",2011-07-01,"Nepal","Malaysia",200,5.844,3.744,12.144,2.703,2.268,4.748,8,0.095,960
"2011Q4",2011-10-01,"Nepal","Malaysia",200,5.997,3.923,12.219,2.77,2.302,5.055,11,0.057,960
"2012Q1",2012-01-01,"Nepal","Malaysia",200,6.184,4.141,12.314,3.893,2.185,4.95,19,0.124,960
"2012Q2",2012-04-01,"Nepal","Malaysia",200,5.84,3.751,12.106,3.312,2.178,4.394,14,0.103,960
"2012Q3",2012-07-01,"Nepal","Malaysia",200,6.205,4.172,12.302,3.816,2.251,5.001,15,0.125,960
"2012Q4",2012-10-01,"Nepal","Malaysia",200,6.418,4.42,12.412,3.625,3.28,5.517,13,0.144,960
"2013Q1",2013-01-01,"Nepal","Malaysia",200,6.603,4.636,12.506,3.414,2.487,5.548,9,0.149,960
"2013Q2",2013-04-01,"Nepal","Malaysia",200,6.072,4.032,12.19,3.82,2.235,5.234,10,0.123,960
"2013Q3",2013-07-01,"Nepal","Malaysia",200,5.938,3.883,12.102,2.754,3.138,5.057,12,0.184,960
"2013Q4",2013-10-01,"Nepal","Malaysia",200,6.229,4.22,12.256,3.675,3.094,4.921,6,0.207,960
"2014Q1",2014-01-01,"Nepal","Malaysia",200,6.267,4.267,12.265,2.888,2.822,5.349,9,0.187,960
"2014Q2",2014-04-01,"Nepal","Malaysia",200,5.972,3.934,12.085,3.724,2.421,4.501,14,0.249,960
"2014Q3",2014-07-01,"Nepal","Malaysia",200,5.971,3.937,12.072,3.669,2.219,5.128,11,0.242,960
"2014Q4",2014-10-01,"Nepal","Malaysia",200,6.201,4.204,12.192,3,3.221,4.719,11,0.299,960
"2015Q1",2015-01-01,"Nepal","Malaysia",200,5.729,3.669,11.91,3.513,2.82,4.585,15,0.291,960
"2015Q2",2015-04-01,"Nepal","Malaysia",200,5.866,3.829,11.976,3.168,2.998,4.574,10,0.286,960
"2015Q3",2015-07-01,"Nepal","Malaysia",200,5.434,3.34,11.718,2.719,1.918,4.127,14,0.321,960
"2015Q4",2015-10-01,"Nepal","Malaysia",200,5.245,3.128,11.598,2.965,2.102,3.91,8,0.339,960
"2016Q1",2016-01-01,"Nepal","Malaysia",200,5.745,3.703,11.872,3.371,2.473,4.33,8,0.368,960
"2016Q2",2016-04-01,"Nepal","Malaysia",200,5.4,3.313,11.662,3.086,2.248,4.101,7,0.363,960
"2016Q3",2016-07-01,"Nepal","Malaysia",200,5.095,2.968,11.476,2.978,2.667,4.124,12,0.341,960
"2016Q4",2016-10-01,"Nepal","Malaysia",200,5.12,3.001,11.478,2.554,1.971,3.975,11,0.372,960
"2017Q1",2017-01-01,"Nepal","Malaysia",200,4.961,2.822,11.375,3.178,2.1,3.63,16,0.397,960
"2017Q2",2017-04-01,"Nepal","Malaysia",200,5.285,3.197,11.548,3.361,1.879,4.484,12,0.439,960
"2017Q3",2017-07-01,"Nepal","Malaysia",200,5.259,3.172,11.522,3.103,2.792,4.401,16,0.44,960
"2017Q4",2017-10-01,"Nepal","Malaysia",200,5.566,3.526,11.685,2.805,2.884,4.222,18,0.45,960
"2018Q1",2018-01-01,"Nepal","Malaysia",200,5.636,3.611,11.713,3.634,3.059,4.631,11,0.461,960
"2018Q2",2018-04-01,"Nepal","Malaysia",200,5.396,3.34,11.564,2.486,2.553,4.352,13,0.497,960
"2018Q3",2018-07-01,"Nepal","Malaysia",200,5.324,3.261,11.511,3.033,1.993,4.069,9,0.493,960
"2018Q4",2018-10-01,"Nepal","Malaysia",200,5.413,3.367,11.55,3.146,2.896,4.022,14,0.518,960
"2019Q1",2019-01-01,"Nepal","Malaysia",200,5.243,3.178,11.441,3.17,1.966,4.395,9,0.523,960
"2019Q2",2019-04-01,"Nepal","Malaysia",200,5.102,3.02,11.348,3.058,2.353,4.116,9,0.53,960
"2019Q3",2019-07-01,"Nepal","Malaysia",200,5.623,3.619,11.633,3.477,2.171,4.325,13,0.55,960
"2019Q4",2019-10-01,"Nepal","Malaysia",200,5.44,3.414,11.517,3.348,2.979,4.604,12,0.55,960
"2020Q1",2020-01-01,"Nepal","Malaysia",200,5.706,3.723,11.657,3.103,2.798,4.672,13,0.55,960
"2020Q2",2020-04-01,"Nepal","Malaysia",200,5.61,3.617,11.59,2.718,2.249,4.185,12,0.55,960
"2020Q3",2020-07-01,"Nepal","Malaysia",200,5.632,3.645,11.591,3.641,2.87,4.672,10,0.55,960
"2020Q4",2020-10-01,"Nepal","Malaysia",200,5.238,3.199,11.354,2.778,2.225,4.038,12,0.55,960
"2021Q1",2021-01-01,"Nepal","Malaysia",200,5.247,3.214,11.347,3.165,2.767,4.314,17,0.55,960
"2021Q2",2021-04-01,"Nepal","Malaysia",200,5.211,3.177,11.314,2.441,1.966,3.711,12,0.55,960
"2021Q3",2021-07-01,"Nepal","Malaysia",200,4.835,2.751,11.088,3.042,2.566,3.684,8,0.55,960
"2021Q4",2021-10-01,"Nepal","Malaysia",200,4.845,2.766,11.081,2.956,2.57,3.471,9,0.55,960
"2022Q1",2022-01-01,"Nepal","Malaysia",200,4.897,2.83,11.099,2.82,2.555,3.651,9,0.55,960
"2022Q2",2022-04-01,"Nepal","Malaysia",200,5.049,3.007,11.174,2.914,2.304,3.652,9,0.55,960
"2022Q3",2022-07-01,"Nepal","Malaysia",200,4.961,2.911,11.111,3.127,2.556,3.68,8,0.55,960
"2022Q4",2022-10-01,"Nepal","Malaysia",200,5.189,3.175,11.229,3.185,2.786,3.844,6,0.55,960
"2023Q1",2023-01-01,"Nepal","Malaysia",200,5.297,3.302,11.279,2.912,2.452,4.394,14,0.55,960
"2023Q2",2023-04-01,"Nepal","Malaysia",200,4.646,2.563,10.895,2.767,1.993,3.655,14,0.55,960
"2023Q3",2023-07-01,"Nepal","Malaysia",200,4.479,2.376,10.788,2.715,1.735,3.496,11,0.55,960
"2023Q4",2023-10-01,"Nepal","Malaysia",200,4.271,2.142,10.657,2.154,2.25,3.222,10,0.55,960
"2024Q1",2024-01-01,"Nepal","Malaysia",200,4.436,2.335,10.74,2.63,1.76,3.454,10,0.55,960
"2024Q2",2024-04-01,"Nepal","Malaysia",200,5.104,3.103,11.109,2.88,2.751,3.706,13,0.55,960
"2024Q3",2024-07-01,"Nepal","Malaysia",200,5.098,3.1,11.094,3.203,2.456,3.784,13,0.55,960
"2024Q4",2024-10-01,"Nepal","Malaysia",200,4.664,2.608,10.834,2.125,1.781,3.266,13,0.55,960
"2025Q1",2025-01-01,"Nepal","Malaysia",200,4.84,2.812,10.922,2.835,2.617,3.526,12,0.55,960
"2025Q2",2025-04-01,"Nepal","Malaysia",200,4.729,2.689,10.847,2.783,1.802,3.425,14,0.55,960
"2025Q3",2025-07-01,"Nepal","Malaysia",200,4.777,2.749,10.862,2.695,2.585,3.289,13,0.55,960
"2011Q1",2011-01-01,"Bangladesh","Saudi Arabia",200,8.411,7.601,16.333,5.258,4.452,7.299,5,0.031,NA
"2011Q2",2011-04-01,"Bangladesh","Saudi Arabia",200,8.099,7.168,16.062,4.766,3.782,6.734,9,0.022,NA
"2011Q3",2011-07-01,"Bangladesh","Saudi Arabia",200,8.131,7.299,14.734,5.047,3.923,7.011,9,0.024,NA
"2011Q4",2011-10-01,"Bangladesh","Saudi Arabia",200,8.156,7.418,13.219,5.226,3.687,7.119,7,0.068,NA
"2012Q1",2012-01-01,"Bangladesh","Saudi Arabia",200,8.179,7.306,14.025,5.226,3.267,6.836,11,0.073,NA
"2012Q2",2012-04-01,"Bangladesh","Saudi Arabia",200,8.273,7.283,15.23,3.756,4.408,6.79,10,0.082,NA
"2012Q3",2012-07-01,"Bangladesh","Saudi Arabia",200,8.775,8.255,16.559,4.644,4.076,7.687,15,0.08,NA
"2012Q4",2012-10-01,"Bangladesh","Saudi Arabia",200,8.413,7.883,15.362,4.231,3.978,7.138,13,0.109,NA
"2013Q1",2013-01-01,"Bangladesh","Saudi Arabia",200,8.077,6.907,14.704,4.463,3.691,6.906,12,0.151,NA
"2013Q2",2013-04-01,"Bangladesh","Saudi Arabia",200,8.376,7.051,15.385,5.045,4.25,7.486,12,0.164,NA
"2013Q3",2013-07-01,"Bangladesh","Saudi Arabia",200,8.415,7.143,16.282,3.888,4.232,7.58,6,0.145,NA
"2013Q4",2013-10-01,"Bangladesh","Saudi Arabia",200,8.385,7.118,15.519,5.338,3.8,7.559,16,0.153,NA
"2014Q1",2014-01-01,"Bangladesh","Saudi Arabia",200,8.472,7.187,14.491,4.404,3.48,6.998,6,0.16,NA
"2014Q2",2014-04-01,"Bangladesh","Saudi Arabia",200,7.875,6.458,14.049,4.192,3.082,6.832,10,0.204,NA
"2014Q3",2014-07-01,"Bangladesh","Saudi Arabia",200,8.301,7.022,14.204,5.331,3.64,6.957,5,0.24,NA
"2014Q4",2014-10-01,"Bangladesh","Saudi Arabia",200,8.354,7.434,15.989,4.647,3.95,7.399,9,0.207,NA
"2015Q1",2015-01-01,"Bangladesh","Saudi Arabia",200,8.537,7.457,14.778,4.42,4.101,7.179,17,0.273,NA
"2015Q2",2015-04-01,"Bangladesh","Saudi Arabia",200,8.143,6.845,13.164,4.691,3.881,7.096,12,0.281,NA
"2015Q3",2015-07-01,"Bangladesh","Saudi Arabia",200,7.5,6.071,12.745,3.558,3.707,6.68,9,0.278,NA
"2015Q4",2015-10-01,"Bangladesh","Saudi Arabia",200,7.541,6.928,13.172,4.747,2.951,6.29,12,0.287,NA
"2016Q1",2016-01-01,"Bangladesh","Saudi Arabia",200,7.422,6.732,14.434,4.107,3.173,6.278,8,0.322,NA
"2016Q2",2016-04-01,"Bangladesh","Saudi Arabia",200,8.345,7.074,14.702,5.106,3.736,7.358,12,0.303,NA
"2016Q3",2016-07-01,"Bangladesh","Saudi Arabia",200,8.047,7.437,14.331,5.059,3.315,7.008,10,0.318,NA
"2016Q4",2016-10-01,"Bangladesh","Saudi Arabia",200,7.923,6.796,14.617,4.167,4.322,7.075,6,0.338,NA
"2017Q1",2017-01-01,"Bangladesh","Saudi Arabia",200,8.25,7.118,13.389,3.807,4.244,7.391,14,0.351,NA
"2017Q2",2017-04-01,"Bangladesh","Saudi Arabia",200,8.296,6.93,15.27,4.307,3.118,6.833,10,0.374,NA
"2017Q3",2017-07-01,"Bangladesh","Saudi Arabia",200,8.333,7.163,15.444,4.416,3.702,6.997,9,0.403,NA
"2017Q4",2017-10-01,"Bangladesh","Saudi Arabia",200,8.975,7.628,16.191,5.127,4.81,7.503,6,0.4,NA
"2018Q1",2018-01-01,"Bangladesh","Saudi Arabia",200,8.562,7.834,15.226,5.017,3.246,7.138,15,0.379,NA
"2018Q2",2018-04-01,"Bangladesh","Saudi Arabia",200,8.863,8.23,14.06,4.355,3.829,7.369,7,0.443,NA
"2018Q3",2018-07-01,"Bangladesh","Saudi Arabia",200,8.507,7.492,15.224,5.489,3.117,7.504,11,0.478,NA
"2018Q4",2018-10-01,"Bangladesh","Saudi Arabia",200,7.737,6.555,14.246,3.524,4.149,6.39,13,0.404,NA
"2019Q1",2019-01-01,"Bangladesh","Saudi Arabia",200,7.022,5.895,13.386,3.538,3.607,5.935,15,0.497,NA
"2019Q2",2019-04-01,"Bangladesh","Saudi Arabia",200,7.505,6.033,14.605,3.831,2.926,6.441,13,0.492,NA
"2019Q3",2019-07-01,"Bangladesh","Saudi Arabia",200,7.259,6.111,13.484,4.625,3.451,5.79,14,0.5,NA
"2019Q4",2019-10-01,"Bangladesh","Saudi Arabia",200,7.437,6.644,15.16,4.248,3.307,6.283,11,0.499,NA
"2020Q1",2020-01-01,"Bangladesh","Saudi Arabia",200,8.091,6.781,13.785,4.179,3.857,7.256,9,0.5,NA
"2020Q2",2020-04-01,"Bangladesh","Saudi Arabia",200,8.018,6.742,14.382,4.505,3.804,7.125,7,0.5,NA
"2020Q3",2020-07-01,"Bangladesh","Saudi Arabia",200,7.763,6.438,15.136,3.728,4.097,6.423,10,0.5,NA
"2020Q4",2020-10-01,"Bangladesh","Saudi Arabia",200,7.078,6.021,14.913,3.832,3.122,5.705,12,0.5,NA
"2021Q1",2021-01-01,"Bangladesh","Saudi Arabia",200,7.018,6.511,14.351,3.338,3.733,5.955,7,0.5,NA
"2021Q2",2021-04-01,"Bangladesh","Saudi Arabia",200,7.047,6.082,13.214,3.258,3.516,6.217,12,0.5,NA
"2021Q3",2021-07-01,"Bangladesh","Saudi Arabia",200,7.459,6.001,15.027,3.972,3.742,6.341,9,0.5,NA
"2021Q4",2021-10-01,"Bangladesh","Saudi Arabia",200,7.634,6.369,14.074,4.27,3.334,6.767,11,0.5,NA
"2022Q1",2022-01-01,"Bangladesh","Saudi Arabia",200,7.581,6.405,13.021,4.156,2.706,6.592,10,0.5,NA
"2022Q2",2022-04-01,"Bangladesh","Saudi Arabia",200,7.594,6.258,14.285,4.336,4.005,6.14,9,0.5,NA
"2022Q3",2022-07-01,"Bangladesh","Saudi Arabia",200,7.444,6.66,12.924,3.906,3.111,6.04,5,0.5,NA
"2022Q4",2022-10-01,"Bangladesh","Saudi Arabia",200,7.448,6.638,13.371,4.81,3.453,5.949,10,0.5,NA
"2023Q1",2023-01-01,"Bangladesh","Saudi Arabia",200,7.52,6.887,14.89,4.668,2.688,6.629,7,0.5,NA
"2023Q2",2023-04-01,"Bangladesh","Saudi Arabia",200,7.612,6.516,14.901,3.437,3.814,6.43,8,0.5,NA
"2023Q3",2023-07-01,"Bangladesh","Saudi Arabia",200,8.1,6.783,15.622,4.577,4.251,6.717,13,0.5,NA
"2023Q4",2023-10-01,"Bangladesh","Saudi Arabia",200,7.444,6.171,12.712,3.579,2.781,5.966,15,0.5,NA
"2024Q1",2024-01-01,"Bangladesh","Saudi Arabia",200,7.87,6.742,13.838,4.262,3.143,6.426,13,0.5,NA
"2024Q2",2024-04-01,"Bangladesh","Saudi Arabia",200,7.861,7.254,14.354,4.528,3.153,6.951,8,0.5,NA
"2024Q3",2024-07-01,"Bangladesh","Saudi Arabia",200,7.138,5.779,12.697,3.602,2.51,6.303,11,0.5,NA
"2024Q4",2024-10-01,"Bangladesh","Saudi Arabia",200,7.102,5.675,12.985,3.347,3.71,5.72,11,0.5,NA
"2025Q1",2025-01-01,"Bangladesh","Saudi Arabia",200,6.96,5.984,13.826,3.268,3.008,6.069,11,0.5,NA
"2025Q2",2025-04-01,"Bangladesh","Saudi Arabia",200,6.769,6.091,12.646,4.353,3.31,5.701,10,0.5,NA
"2025Q3",2025-07-01,"Bangladesh","Saudi Arabia",200,6.454,5.55,11.781,2.936,2.671,5.147,7,0.5,NA
"2011Q1",2011-01-01,"Bangladesh","UAE",200,8.113,6.906,14.156,5.083,3.734,6.855,4,0.01,NA
"2011Q2",2011-04-01,"Bangladesh","UAE",200,8.177,6.841,15.401,5.227,3.099,7.203,9,0.032,NA
"2011Q3",2011-07-01,"Bangladesh","UAE",200,8.344,7.795,13.481,4.184,4.186,6.954,11,0.031,NA
"2011Q4",2011-10-01,"Bangladesh","UAE",200,7.822,6.918,13.676,3.856,2.873,6.353,9,0.019,NA
"2012Q1",2012-01-01,"Bangladesh","UAE",200,7.66,6.619,13.171,3.766,3.755,6.542,7,0.059,NA
"2012Q2",2012-04-01,"Bangladesh","UAE",200,7.991,6.758,13.816,3.897,4.122,6.534,10,0.083,NA
"2012Q3",2012-07-01,"Bangladesh","UAE",200,7.895,7.249,14.977,3.866,3.54,6.967,14,0.082,NA
"2012Q4",2012-10-01,"Bangladesh","UAE",200,7.673,6.807,15.216,3.67,3.526,6.463,6,0.132,NA
"2013Q1",2013-01-01,"Bangladesh","UAE",200,7.701,7.181,14.223,4.536,3.726,6.621,14,0.15,NA
"2013Q2",2013-04-01,"Bangladesh","UAE",200,7.104,6.595,14.965,3.657,2.536,5.635,13,0.14,NA
"2013Q3",2013-07-01,"Bangladesh","UAE",200,7.02,5.724,12.254,3.693,2.616,6.113,6,0.13,NA
"2013Q4",2013-10-01,"Bangladesh","UAE",200,7.355,6.174,13.923,4.409,3.586,6.208,5,0.186,NA
"2014Q1",2014-01-01,"Bangladesh","UAE",200,6.939,6.413,14.115,3.513,2.54,5.619,10,0.171,NA
"2014Q2",2014-04-01,"Bangladesh","UAE",200,7.239,6.434,12.54,4.36,2.991,6.294,11,0.185,NA
"2014Q3",2014-07-01,"Bangladesh","UAE",200,7.47,6.021,14.822,3.47,3.757,6.386,14,0.219,NA
"2014Q4",2014-10-01,"Bangladesh","UAE",200,7.097,6.314,13.447,4.146,2.981,5.962,10,0.21,NA
"2015Q1",2015-01-01,"Bangladesh","UAE",200,7.563,6.705,13.903,4.794,3.455,6.448,11,0.238,NA
"2015Q2",2015-04-01,"Bangladesh","UAE",200,7.315,6.313,14.505,4.427,3.867,6.142,14,0.243,NA
"2015Q3",2015-07-01,"Bangladesh","UAE",200,7.479,6.714,13.959,4.473,3.287,6.418,14,0.28,NA
"2015Q4",2015-10-01,"Bangladesh","UAE",200,7.077,5.666,12.398,3.637,2.941,6.235,12,0.269,NA
"2016Q1",2016-01-01,"Bangladesh","UAE",200,7.225,6.545,14.987,4.168,2.597,5.819,11,0.283,NA
"2016Q2",2016-04-01,"Bangladesh","UAE",200,7.704,6.588,13.424,4.131,3.296,6.601,11,0.295,NA
"2016Q3",2016-07-01,"Bangladesh","UAE",200,7.85,7.302,14.811,4.055,3.194,6.975,14,0.328,NA
"2016Q4",2016-10-01,"Bangladesh","UAE",200,7.458,6.158,15.111,4.479,3.014,6.422,13,0.366,NA
"2017Q1",2017-01-01,"Bangladesh","UAE",200,7.734,6.573,15.401,3.513,3.598,6.633,10,0.338,NA
"2017Q2",2017-04-01,"Bangladesh","UAE",200,8.311,7.076,16.238,4.387,3.955,7.029,11,0.374,NA
"2017Q3",2017-07-01,"Bangladesh","UAE",200,7.91,7.366,14.356,4.038,3.264,7.066,15,0.371,NA
"2017Q4",2017-10-01,"Bangladesh","UAE",200,8.093,7.053,13.382,3.914,3.947,7.085,14,0.376,NA
"2018Q1",2018-01-01,"Bangladesh","UAE",200,8.017,6.891,15.808,4.594,3.659,6.874,7,0.434,NA
"2018Q2",2018-04-01,"Bangladesh","UAE",200,7.678,6.429,13.627,3.584,3.854,6.399,14,0.415,NA
"2018Q3",2018-07-01,"Bangladesh","UAE",200,7.964,7.314,14.374,3.928,3.822,6.817,10,0.472,NA
"2018Q4",2018-10-01,"Bangladesh","UAE",200,6.939,5.994,13.607,4.505,3.118,5.646,5,0.44,NA
"2019Q1",2019-01-01,"Bangladesh","UAE",200,7.046,5.846,14.507,3.348,3.093,5.796,14,0.481,NA
"2019Q2",2019-04-01,"Bangladesh","UAE",200,7.547,6.941,14.454,3.463,3.125,6.474,10,0.5,NA
"2019Q3",2019-07-01,"Bangladesh","UAE",200,7.663,6.391,13.758,4.826,3.702,6.508,13,0.5,NA
"2019Q4",2019-10-01,"Bangladesh","UAE",200,7.724,6.588,14.164,4.266,2.715,6.586,16,0.493,NA
"2020Q1",2020-01-01,"Bangladesh","UAE",200,8.028,6.936,13.45,3.695,3.459,6.708,13,0.5,NA
"2020Q2",2020-04-01,"Bangladesh","UAE",200,7.727,7.216,13.442,4.982,4.013,6.233,9,0.5,NA
"2020Q3",2020-07-01,"Bangladesh","UAE",200,7.666,7.146,15.191,3.692,3.258,6.519,10,0.5,NA
"2020Q4",2020-10-01,"Bangladesh","UAE",200,7.7,7.038,15.137,4.695,3.991,6.242,7,0.5,NA
"2021Q1",2021-01-01,"Bangladesh","UAE",200,7.206,6.638,15.173,3.467,3.098,6.028,8,0.5,NA
"2021Q2",2021-04-01,"Bangladesh","UAE",200,7.394,6.417,14.582,3.958,3.674,5.936,11,0.5,NA
"2021Q3",2021-07-01,"Bangladesh","UAE",200,7.575,6.092,13.692,3.699,3.77,6.134,9,0.5,NA
"2021Q4",2021-10-01,"Bangladesh","UAE",200,7.186,6.25,13.717,4.244,2.984,6.02,12,0.5,NA
"2022Q1",2022-01-01,"Bangladesh","UAE",200,6.734,5.286,14.521,4.109,3.427,5.374,12,0.5,NA
"2022Q2",2022-04-01,"Bangladesh","UAE",200,6.78,5.943,13.515,4.357,3.473,5.84,11,0.5,NA
"2022Q3",2022-07-01,"Bangladesh","UAE",200,6.882,5.89,13.101,3.163,3.772,5.431,9,0.5,NA
"2022Q4",2022-10-01,"Bangladesh","UAE",200,6.716,5.378,12.352,3.795,3.516,5.415,6,0.5,NA
"2023Q1",2023-01-01,"Bangladesh","UAE",200,6.506,5.18,13.973,3.475,2.489,5.172,10,0.5,NA
"2023Q2",2023-04-01,"Bangladesh","UAE",200,6.896,6.253,13.371,3.496,3.229,5.727,7,0.5,NA
"2023Q3",2023-07-01,"Bangladesh","UAE",200,6.612,5.996,12.095,3.432,2.631,5.596,12,0.5,NA
"2023Q4",2023-10-01,"Bangladesh","UAE",200,6.817,6.313,13.947,4.331,3.043,5.317,12,0.5,NA
"2024Q1",2024-01-01,"Bangladesh","UAE",200,6.955,5.714,13.781,4.392,3.464,5.782,11,0.5,NA
"2024Q2",2024-04-01,"Bangladesh","UAE",200,7.272,5.99,12.603,4.682,2.585,6.453,7,0.5,NA
"2024Q3",2024-07-01,"Bangladesh","UAE",200,7.093,6.38,12.761,4.326,3.829,6.261,8,0.5,NA
"2024Q4",2024-10-01,"Bangladesh","UAE",200,6.335,5.317,12.974,3.056,3.403,5.241,9,0.5,NA
"2025Q1",2025-01-01,"Bangladesh","UAE",200,6.716,6.024,11.98,3.389,3.546,5.508,10,0.5,NA
"2025Q2",2025-04-01,"Bangladesh","UAE",200,6.702,5.745,12.089,4.04,3.15,5.25,17,0.5,NA
"2025Q3",2025-07-01,"Bangladesh","UAE",200,7.232,6.205,14.463,4.445,2.994,6.117,7,0.5,NA
"2011Q1",2011-01-01,"Bangladesh","Malaysia",200,7.057,5.891,13.908,3.989,3.651,6.214,13,0.037,NA
"2011Q2",2011-04-01,"Bangladesh","Malaysia",200,7.036,6.305,13.228,3.573,3.375,5.989,10,0.038,NA
"2011Q3",2011-07-01,"Bangladesh","Malaysia",200,6.494,5.036,11.748,3.833,2.63,5.669,11,0.03,NA
"2011Q4",2011-10-01,"Bangladesh","Malaysia",200,6.849,5.798,14.743,3.891,2.86,5.737,9,0.056,NA
"2012Q1",2012-01-01,"Bangladesh","Malaysia",200,7.405,6.422,14.926,3.434,3.453,5.96,4,0.111,NA
"2012Q2",2012-04-01,"Bangladesh","Malaysia",200,7.796,6.366,14.18,3.902,3.566,6.574,12,0.075,NA
"2012Q3",2012-07-01,"Bangladesh","Malaysia",200,8.315,7.583,13.851,3.845,3.847,7.003,10,0.113,NA
"2012Q4",2012-10-01,"Bangladesh","Malaysia",200,8.039,6.797,14.09,4.697,3.221,6.994,14,0.127,NA
"2013Q1",2013-01-01,"Bangladesh","Malaysia",200,7.443,6.919,13.71,3.625,3.413,6.637,14,0.141,NA
"2013Q2",2013-04-01,"Bangladesh","Malaysia",200,7.574,6.83,13.144,4.72,3.846,6.249,10,0.151,NA
"2013Q3",2013-07-01,"Bangladesh","Malaysia",200,7.835,6.465,14.873,4.724,3.031,6.56,5,0.154,NA
"2013Q4",2013-10-01,"Bangladesh","Malaysia",200,8.235,7.354,14.165,4.963,2.955,7.2,10,0.184,NA
"2014Q1",2014-01-01,"Bangladesh","Malaysia",200,8.122,7.434,15.497,3.961,3.825,6.954,9,0.176,NA
"2014Q2",2014-04-01,"Bangladesh","Malaysia",200,8.239,7.583,14.639,3.946,3.808,7.034,8,0.214,NA
"2014Q3",2014-07-01,"Bangladesh","Malaysia",200,7.988,6.679,13.172,4.732,3.463,6.908,10,0.213,NA
"2014Q4",2014-10-01,"Bangladesh","Malaysia",200,7.279,5.968,12.54,4.57,3.291,5.893,10,0.246,NA
"2015Q1",2015-01-01,"Bangladesh","Malaysia",200,6.978,5.93,12.51,3.717,3.469,6.018,11,0.225,NA
"2015Q2",2015-04-01,"Bangladesh","Malaysia",200,7.668,6.874,15.288,3.936,3.994,6.283,9,0.252,NA
"2015Q3",2015-07-01,"Bangladesh","Malaysia",200,7.694,6.513,13.939,4.462,3.539,6.823,12,0.289,NA
"2015Q4",2015-10-01,"Bangladesh","Malaysia",200,7.262,5.919,13.879,4.136,3.139,6.058,9,0.31,NA
"2016Q1",2016-01-01,"Bangladesh","Malaysia",200,6.982,5.585,12.263,3.351,2.772,5.618,8,0.305,NA
"2016Q2",2016-04-01,"Bangladesh","Malaysia",200,6.737,5.321,14.522,4.251,3.288,5.387,11,0.31,NA
"2016Q3",2016-07-01,"Bangladesh","Malaysia",200,6.923,6.109,13.668,3.352,3.43,5.925,15,0.341,NA
"2016Q4",2016-10-01,"Bangladesh","Malaysia",200,6.898,5.571,14.415,3.972,3.318,5.486,4,0.35,NA
"2017Q1",2017-01-01,"Bangladesh","Malaysia",200,6.653,5.831,12.879,3.604,3.242,5.54,5,0.381,NA
"2017Q2",2017-04-01,"Bangladesh","Malaysia",200,7.187,6.343,14.951,3.709,2.888,6.148,6,0.412,NA
"2017Q3",2017-07-01,"Bangladesh","Malaysia",200,7.116,6.208,15.054,3.796,2.926,5.811,12,0.388,NA
"2017Q4",2017-10-01,"Bangladesh","Malaysia",200,7.301,6.662,12.574,4.263,3.237,6.399,14,0.427,NA
"2018Q1",2018-01-01,"Bangladesh","Malaysia",200,7.04,5.684,12.218,3.22,2.975,5.747,8,0.424,NA
"2018Q2",2018-04-01,"Bangladesh","Malaysia",200,7.051,6.335,14.208,3.644,3.098,6.124,16,0.44,NA
"2018Q3",2018-07-01,"Bangladesh","Malaysia",200,7.324,6.507,13.513,4.328,4.004,6.281,12,0.45,NA
"2018Q4",2018-10-01,"Bangladesh","Malaysia",200,7.365,6.323,13.441,3.896,3.857,6.251,12,0.44,NA
"2019Q1",2019-01-01,"Bangladesh","Malaysia",200,7.465,6.535,12.774,3.398,3.435,6.459,10,0.472,NA
"2019Q2",2019-04-01,"Bangladesh","Malaysia",200,6.631,5.766,13.075,4.267,3.109,5.192,12,0.468,NA
"2019Q3",2019-07-01,"Bangladesh","Malaysia",200,6.763,5.476,12.34,3.502,2.788,5.541,12,0.5,NA
"2019Q4",2019-10-01,"Bangladesh","Malaysia",200,6.715,5.346,12.538,4.199,3.175,5.622,8,0.488,NA
"2020Q1",2020-01-01,"Bangladesh","Malaysia",200,6.531,5.249,14.327,3.621,2.653,5.648,8,0.5,NA
"2020Q2",2020-04-01,"Bangladesh","Malaysia",200,6.44,5.434,13.196,3.643,3.53,5.478,8,0.5,NA
"2020Q3",2020-07-01,"Bangladesh","Malaysia",200,7.093,5.806,12.317,3.534,3.513,5.859,7,0.5,NA
"2020Q4",2020-10-01,"Bangladesh","Malaysia",200,7.077,6.562,13.689,3.315,3.413,5.796,10,0.5,NA
"2021Q1",2021-01-01,"Bangladesh","Malaysia",200,6.875,5.855,14.585,3.204,3.298,5.677,15,0.5,NA
"2021Q2",2021-04-01,"Bangladesh","Malaysia",200,7.091,5.78,12.142,4.553,3.392,6.043,10,0.5,NA
"2021Q3",2021-07-01,"Bangladesh","Malaysia",200,6.737,5.46,12.79,3.497,3.332,5.518,9,0.5,NA
"2021Q4",2021-10-01,"Bangladesh","Malaysia",200,6.735,5.265,14.144,4.127,3.304,5.257,11,0.5,NA
"2022Q1",2022-01-01,"Bangladesh","Malaysia",200,7.144,6.031,14.383,3.866,3.036,6.07,9,0.5,NA
"2022Q2",2022-04-01,"Bangladesh","Malaysia",200,6.811,6.004,13.495,3.191,3.663,5.414,14,0.5,NA
"2022Q3",2022-07-01,"Bangladesh","Malaysia",200,6.453,5.689,11.854,3.133,2.62,5.623,8,0.5,NA
"2022Q4",2022-10-01,"Bangladesh","Malaysia",200,6.309,5.166,11.806,3.874,3.258,5.212,11,0.5,NA
"2023Q1",2023-01-01,"Bangladesh","Malaysia",200,6.054,4.589,13.493,2.83,2.189,5.238,8,0.5,NA
"2023Q2",2023-04-01,"Bangladesh","Malaysia",200,6.309,5.408,11.715,3.811,3.006,5.486,7,0.5,NA
"2023Q3",2023-07-01,"Bangladesh","Malaysia",200,6.477,5.946,14.07,3.065,3.229,5.608,6,0.5,NA
"2023Q4",2023-10-01,"Bangladesh","Malaysia",200,6.738,6.112,12.473,4.04,2.723,5.278,10,0.5,NA
"2024Q1",2024-01-01,"Bangladesh","Malaysia",200,7.189,5.887,12.415,3.664,3.92,5.939,7,0.5,NA
"2024Q2",2024-04-01,"Bangladesh","Malaysia",200,7.323,6.514,12.493,4.346,3.5,6.42,11,0.5,NA
"2024Q3",2024-07-01,"Bangladesh","Malaysia",200,6.545,5.412,14.081,3.371,2.338,5.438,11,0.5,NA
"2024Q4",2024-10-01,"Bangladesh","Malaysia",200,7.11,6.171,13.774,4.229,3.279,6.026,15,0.5,NA
"2025Q1",2025-01-01,"Bangladesh","Malaysia",200,6.844,5.835,13.044,4.342,3.406,5.882,10,0.5,NA
"2025Q2",2025-04-01,"Bangladesh","Malaysia",200,6.508,5.659,14.309,3.826,2.321,5.227,8,0.5,NA
"2025Q3",2025-07-01,"Bangladesh","Malaysia",200,7.015,6.245,14.785,3.296,2.573,6.063,16,0.5,NA
"2011Q1",2011-01-01,"Philippines","USA",200,5.689,4.629,12.218,3.105,3.074,4.515,12,0.023,NA
"2011Q2",2011-04-01,"Philippines","USA",200,5.719,4.647,13.519,3.07,2.052,4.724,11,0.032,NA
"2011Q3",2011-07-01,"Philippines","USA",200,5.092,3.67,12.222,2.461,2.086,3.74,11,0.041,NA
"2011Q4",2011-10-01,"Philippines","USA",200,5.783,4.708,13.766,3.463,2.185,4.57,5,0.053,NA
"2012Q1",2012-01-01,"Philippines","USA",200,5.502,4.032,11.351,3.372,2.859,4.55,11,0.077,NA
"2012Q2",2012-04-01,"Philippines","USA",200,4.78,3.808,11.308,2.286,2.088,3.592,10,0.086,NA
"2012Q3",2012-07-01,"Philippines","USA",200,5.068,3.78,10.597,2.638,2.702,4.122,10,0.093,NA
"2012Q4",2012-10-01,"Philippines","USA",200,5.444,4.445,12.955,3.538,2.078,4.203,13,0.126,NA
"2013Q1",2013-01-01,"Philippines","USA",200,5.303,4.772,10.371,3.158,2.82,3.827,14,0.14,NA
"2013Q2",2013-04-01,"Philippines","USA",200,5.27,4.636,11.331,3.02,2.795,4.202,9,0.149,NA
"2013Q3",2013-07-01,"Philippines","USA",200,5.545,4.169,11.346,3.106,2.934,4.38,8,0.138,NA
"2013Q4",2013-10-01,"Philippines","USA",200,5.353,4.028,12.976,2.726,2.858,3.936,9,0.182,NA
"2014Q1",2014-01-01,"Philippines","USA",200,5.008,4.295,12.308,2.708,2.141,4.115,12,0.197,NA
"2014Q2",2014-04-01,"Philippines","USA",200,5.027,4.458,12.587,2.707,2.062,3.593,10,0.196,NA
"2014Q3",2014-07-01,"Philippines","USA",200,5.435,4.884,10.84,2.615,2.22,4.324,9,0.227,NA
"2014Q4",2014-10-01,"Philippines","USA",200,5.326,3.839,10.772,3.149,2.569,4.441,10,0.255,NA
"2015Q1",2015-01-01,"Philippines","USA",200,5.36,4.225,10.729,2.416,2.835,4.352,14,0.251,NA
"2015Q2",2015-04-01,"Philippines","USA",200,5.972,4.524,11.249,3.568,2.292,4.583,7,0.273,NA
"2015Q3",2015-07-01,"Philippines","USA",200,5.44,4.359,11.431,2.474,2.417,4.619,9,0.298,NA
"2015Q4",2015-10-01,"Philippines","USA",200,4.967,3.769,11.992,2.273,2.058,4.008,7,0.319,NA
"2016Q1",2016-01-01,"Philippines","USA",200,5.312,4.319,12.002,2.456,2.122,4.186,17,0.29,NA
"2016Q2",2016-04-01,"Philippines","USA",200,4.702,4.114,10.131,2.134,1.961,3.49,9,0.306,NA
"2016Q3",2016-07-01,"Philippines","USA",200,5.254,4.475,11.185,2.602,1.999,3.932,13,0.321,NA
"2016Q4",2016-10-01,"Philippines","USA",200,4.871,3.706,12.629,2.644,2.465,3.482,10,0.364,NA
"2017Q1",2017-01-01,"Philippines","USA",200,4.822,3.557,12.484,3.01,2.559,3.447,9,0.368,NA
"2017Q2",2017-04-01,"Philippines","USA",200,5.46,4.911,12.563,3.329,2.488,4.177,9,0.389,NA
"2017Q3",2017-07-01,"Philippines","USA",200,4.975,3.844,11.82,2.508,2.513,3.804,8,0.39,NA
"2017Q4",2017-10-01,"Philippines","USA",200,4.78,3.886,11.932,2.692,2.235,3.632,14,0.392,NA
"2018Q1",2018-01-01,"Philippines","USA",200,4.169,3.519,10.626,1.901,2.235,2.691,12,0.383,NA
"2018Q2",2018-04-01,"Philippines","USA",200,3.896,2.61,10.774,2.413,1.511,2.719,10,0.392,NA
"2018Q3",2018-07-01,"Philippines","USA",200,3.84,3.253,9.245,1.862,1.55,2.597,7,0.48,NA
"2018Q4",2018-10-01,"Philippines","USA",200,4.312,3.012,11.28,2.507,1.985,2.821,9,0.454,NA
"2019Q1",2019-01-01,"Philippines","USA",200,3.981,3.406,9.505,2.302,1.873,3.176,13,0.479,NA
"2019Q2",2019-04-01,"Philippines","USA",200,4.217,3.204,11.892,2.454,1.99,2.77,7,0.496,NA
"2019Q3",2019-07-01,"Philippines","USA",200,4.385,3.416,11.417,2.514,1.656,2.93,8,0.5,NA
"2019Q4",2019-10-01,"Philippines","USA",200,4.334,3.428,10.956,2.777,2.219,3.181,12,0.5,NA
"2020Q1",2020-01-01,"Philippines","USA",200,4.619,3.389,10.729,2.238,2.11,3.676,11,0.5,NA
"2020Q2",2020-04-01,"Philippines","USA",200,4.65,3.546,11.654,2.226,1.911,3.588,8,0.5,NA
"2020Q3",2020-07-01,"Philippines","USA",200,4.526,3.155,12.123,2.296,1.764,3.481,15,0.5,NA
"2020Q4",2020-10-01,"Philippines","USA",200,4.502,3.946,11.18,2.219,2.077,3.025,6,0.5,NA
"2021Q1",2021-01-01,"Philippines","USA",200,4.028,2.658,9.182,2.251,1.935,2.864,14,0.5,NA
"2021Q2",2021-04-01,"Philippines","USA",200,4.666,3.812,12.179,2.707,2.22,3.491,12,0.5,NA
"2021Q3",2021-07-01,"Philippines","USA",200,4.603,3.526,11.497,2.334,2.058,3.645,4,0.5,NA
"2021Q4",2021-10-01,"Philippines","USA",200,4.469,3.004,10.358,2.548,1.698,3.21,11,0.5,NA
"2022Q1",2022-01-01,"Philippines","USA",200,4.262,3.322,10.162,2.367,2.281,3.278,12,0.5,NA
"2022Q2",2022-04-01,"Philippines","USA",200,4.027,3.486,9.25,1.824,1.481,2.594,8,0.5,NA
"2022Q3",2022-07-01,"Philippines","USA",200,4.447,3.255,12.232,2.724,2.112,3.19,10,0.5,NA
"2022Q4",2022-10-01,"Philippines","USA",200,4.374,2.926,10.578,2.585,2.203,3.386,5,0.5,NA
"2023Q1",2023-01-01,"Philippines","USA",200,3.899,2.81,10.895,2.239,1.632,3.092,7,0.5,NA
"2023Q2",2023-04-01,"Philippines","USA",200,4.249,3.048,9.324,1.996,2.174,3.217,10,0.5,NA
"2023Q3",2023-07-01,"Philippines","USA",200,4.423,3.461,9.881,2.586,1.584,3.238,11,0.5,NA
"2023Q4",2023-10-01,"Philippines","USA",200,4.21,3.351,9.654,1.987,2.003,3.164,10,0.5,NA
"2024Q1",2024-01-01,"Philippines","USA",200,3.901,2.791,9.187,2.347,1.619,2.623,8,0.5,NA
"2024Q2",2024-04-01,"Philippines","USA",200,3.625,2.137,10.108,2.326,1.861,2.427,12,0.5,NA
"2024Q3",2024-07-01,"Philippines","USA",200,3.908,3.086,10.681,1.886,1.586,2.725,14,0.5,NA
"2024Q4",2024-10-01,"Philippines","USA",200,3.983,2.999,9.433,2.491,2.054,3.178,8,0.5,NA
"2025Q1",2025-01-01,"Philippines","USA",200,3.626,2.127,9.764,1.867,1.903,2.271,10,0.5,NA
"2025Q2",2025-04-01,"Philippines","USA",200,3.765,2.294,11.131,1.865,1.988,2.728,8,0.5,NA
"2025Q3",2025-07-01,"Philippines","USA",200,3.96,3.456,10.36,2.274,1.922,2.611,10,0.5,NA
"2011Q1",2011-01-01,"Philippines","Saudi Arabia",200,5.675,4.504,13.417,3.581,2.435,4.336,5,0.04,NA
"2011Q2",2011-04-01,"Philippines","Saudi Arabia",200,5.53,4.723,10.549,3.405,2.916,4.131,10,0.045,NA
"2011Q3",2011-07-01,"Philippines","Saudi Arabia",200,5.986,4.723,13.193,3.32,3.04,4.491,8,0.045,NA
"2011Q4",2011-10-01,"Philippines","Saudi Arabia",200,5.213,3.949,10.308,2.581,2.394,4.162,12,0.09,NA
"2012Q1",2012-01-01,"Philippines","Saudi Arabia",200,5.068,3.645,10.945,2.886,1.838,4.156,6,0.096,NA
"2012Q2",2012-04-01,"Philippines","Saudi Arabia",200,5.809,4.854,11.82,3.134,2.703,4.819,13,0.093,NA
"2012Q3",2012-07-01,"Philippines","Saudi Arabia",200,6.016,5.47,13.126,3.419,2.361,4.985,18,0.083,NA
"2012Q4",2012-10-01,"Philippines","Saudi Arabia",200,5.359,4.198,10.452,2.678,2.716,4.464,9,0.143,NA
"2013Q1",2013-01-01,"Philippines","Saudi Arabia",200,5.704,4.687,13.255,3.223,2.588,4.819,14,0.147,NA
"2013Q2",2013-04-01,"Philippines","Saudi Arabia",200,5.754,5.043,12.39,3.116,2.901,4.538,4,0.139,NA
"2013Q3",2013-07-01,"Philippines","Saudi Arabia",200,5.232,4.468,12.468,2.777,2.472,3.771,12,0.165,NA
"2013Q4",2013-10-01,"Philippines","Saudi Arabia",200,5.449,4.919,12.492,2.462,2.846,4.017,8,0.146,NA
"2014Q1",2014-01-01,"Philippines","Saudi Arabia",200,5.74,4.728,12.034,3.406,2.099,4.555,12,0.205,NA
"2014Q2",2014-04-01,"Philippines","Saudi Arabia",200,5.301,4.163,12.736,2.505,1.882,4.23,14,0.165,NA
"2014Q3",2014-07-01,"Philippines","Saudi Arabia",200,5.512,4.563,13.21,3.318,2.964,4.705,6,0.231,NA
"2014Q4",2014-10-01,"Philippines","Saudi Arabia",200,5.067,4.179,12.668,3.209,1.893,3.611,9,0.228,NA
"2015Q1",2015-01-01,"Philippines","Saudi Arabia",200,5.354,4.735,11.593,3.032,2.361,4.545,13,0.251,NA
"2015Q2",2015-04-01,"Philippines","Saudi Arabia",200,5.033,3.564,12.177,2.445,1.881,3.979,13,0.242,NA
"2015Q3",2015-07-01,"Philippines","Saudi Arabia",200,5.025,4.489,12.305,2.974,1.838,3.646,8,0.28,NA
"2015Q4",2015-10-01,"Philippines","Saudi Arabia",200,4.796,3.888,11.919,2.246,2.299,3.596,10,0.304,NA
"2016Q1",2016-01-01,"Philippines","Saudi Arabia",200,5.206,3.723,11.152,2.639,1.922,3.974,4,0.292,NA
"2016Q2",2016-04-01,"Philippines","Saudi Arabia",200,5.172,3.827,11.957,3.172,1.901,4.105,9,0.304,NA
"2016Q3",2016-07-01,"Philippines","Saudi Arabia",200,5.348,4.755,11.528,3.023,2.749,4.532,10,0.328,NA
"2016Q4",2016-10-01,"Philippines","Saudi Arabia",200,5.481,4.72,12.022,2.954,2.367,4.18,15,0.329,NA
"2017Q1",2017-01-01,"Philippines","Saudi Arabia",200,5.352,4.244,11.56,3.193,2.894,4.472,12,0.347,NA
"2017Q2",2017-04-01,"Philippines","Saudi Arabia",200,5.237,4.335,10.866,2.861,2.528,3.918,10,0.41,NA
"2017Q3",2017-07-01,"Philippines","Saudi Arabia",200,5.315,4.682,13.27,2.878,2.079,4.057,13,0.377,NA
"2017Q4",2017-10-01,"Philippines","Saudi Arabia",200,5.413,4,13.374,2.773,2.949,4.244,11,0.373,NA
"2018Q1",2018-01-01,"Philippines","Saudi Arabia",200,5.267,3.833,13.169,2.845,2.415,4.105,12,0.367,NA
"2018Q2",2018-04-01,"Philippines","Saudi Arabia",200,5.309,4.54,10.951,2.649,2.288,4.363,8,0.413,NA
"2018Q3",2018-07-01,"Philippines","Saudi Arabia",200,5.447,4.908,11.635,2.801,2.861,4.625,13,0.426,NA
"2018Q4",2018-10-01,"Philippines","Saudi Arabia",200,5.481,4.377,13.346,3.456,2.457,4.051,12,0.446,NA
"2019Q1",2019-01-01,"Philippines","Saudi Arabia",200,5.692,5.005,11.967,3.378,2.412,4.351,13,0.445,NA
"2019Q2",2019-04-01,"Philippines","Saudi Arabia",200,4.785,3.549,12.264,2.398,2.243,3.869,10,0.491,NA
"2019Q3",2019-07-01,"Philippines","Saudi Arabia",200,4.947,4.335,12.607,2.82,2.133,3.912,13,0.448,NA
"2019Q4",2019-10-01,"Philippines","Saudi Arabia",200,4.972,3.698,12.91,2.343,2.015,3.773,7,0.5,NA
"2020Q1",2020-01-01,"Philippines","Saudi Arabia",200,4.683,3.663,11.375,3.041,1.763,3.258,7,0.5,NA
"2020Q2",2020-04-01,"Philippines","Saudi Arabia",200,4.504,3.919,11.807,2.221,1.577,3.676,9,0.5,NA
"2020Q3",2020-07-01,"Philippines","Saudi Arabia",200,4.795,3.983,10.26,2.586,2.146,3.524,14,0.5,NA
"2020Q4",2020-10-01,"Philippines","Saudi Arabia",200,4.678,3.906,10.69,2.908,2.512,3.32,13,0.5,NA
"2021Q1",2021-01-01,"Philippines","Saudi Arabia",200,4.629,3.137,12.351,2.587,2.506,3.212,13,0.5,NA
"2021Q2",2021-04-01,"Philippines","Saudi Arabia",200,4.835,3.975,10.97,2.199,2.046,3.855,9,0.5,NA
"2021Q3",2021-07-01,"Philippines","Saudi Arabia",200,5.152,4.153,11.631,2.479,2.8,4.334,13,0.5,NA
"2021Q4",2021-10-01,"Philippines","Saudi Arabia",200,5.627,4.187,10.888,3.116,2.236,4.438,10,0.5,NA
"2022Q1",2022-01-01,"Philippines","Saudi Arabia",200,5.488,4.079,11.479,3.361,2.097,4.147,8,0.5,NA
"2022Q2",2022-04-01,"Philippines","Saudi Arabia",200,5.788,4.565,13.339,3.1,2.736,4.375,8,0.5,NA
"2022Q3",2022-07-01,"Philippines","Saudi Arabia",200,5.725,4.431,11.875,3.011,2.843,4.327,10,0.5,NA
"2022Q4",2022-10-01,"Philippines","Saudi Arabia",200,5.377,4.61,11.932,2.455,2.171,3.898,16,0.5,NA
"2023Q1",2023-01-01,"Philippines","Saudi Arabia",200,5.132,3.879,12.071,2.877,2.756,3.842,12,0.5,NA
"2023Q2",2023-04-01,"Philippines","Saudi Arabia",200,5.512,4.47,11.943,3.253,2.835,4.455,9,0.5,NA
"2023Q3",2023-07-01,"Philippines","Saudi Arabia",200,4.788,3.591,11.009,2.947,2.36,3.896,9,0.5,NA
"2023Q4",2023-10-01,"Philippines","Saudi Arabia",200,4.689,3.591,11.28,2.523,1.946,3.363,7,0.5,NA
"2024Q1",2024-01-01,"Philippines","Saudi Arabia",200,4.66,3.552,12.355,2.97,1.789,3.523,4,0.5,NA
"2024Q2",2024-04-01,"Philippines","Saudi Arabia",200,3.822,3.056,9.611,1.981,1.952,2.405,11,0.5,NA
"2024Q3",2024-07-01,"Philippines","Saudi Arabia",200,3.946,3.208,11.274,2.093,1.999,3.126,5,0.5,NA
"2024Q4",2024-10-01,"Philippines","Saudi Arabia",200,4.233,3.116,10.241,2.706,1.827,3.364,15,0.5,NA
"2025Q1",2025-01-01,"Philippines","Saudi Arabia",200,3.38,2.514,10.661,1.765,1.249,2.381,10,0.5,NA
"2025Q2",2025-04-01,"Philippines","Saudi Arabia",200,3.881,2.517,11.225,1.873,1.485,2.52,10,0.5,NA
"2025Q3",2025-07-01,"Philippines","Saudi Arabia",200,3.962,2.782,8.997,2.244,1.887,3.003,10,0.5,NA
"2011Q1",2011-01-01,"India","UAE",200,3.959,3.224,9.469,2.197,1.55,2.772,9,0.025,NA
"2011Q2",2011-04-01,"India","UAE",200,3.87,3.115,10.709,1.97,2.059,2.862,11,0.022,NA
"2011Q3",2011-07-01,"India","UAE",200,4.35,3.563,11.148,2.423,1.578,2.917,9,0.063,NA
"2011Q4",2011-10-01,"India","UAE",200,4.268,3.542,11.194,2.59,1.761,2.785,9,0.025,NA
"2012Q1",2012-01-01,"India","UAE",200,3.727,2.934,9.603,2.269,1.678,2.352,11,0.057,NA
"2012Q2",2012-04-01,"India","UAE",200,3.958,3.332,10.721,1.865,2.13,2.978,10,0.103,NA
"2012Q3",2012-07-01,"India","UAE",200,3.915,2.705,10.539,2.182,1.853,2.88,15,0.129,NA
"2012Q4",2012-10-01,"India","UAE",200,3.503,2.155,9.721,1.641,1.921,2.692,9,0.088,NA
"2013Q1",2013-01-01,"India","UAE",200,3.294,1.807,11.201,1.831,1.783,2.307,7,0.156,NA
"2013Q2",2013-04-01,"India","UAE",200,3.534,2.04,9.752,1.591,1.531,2.409,7,0.119,NA
"2013Q3",2013-07-01,"India","UAE",200,3.703,2.756,9.15,2.016,1.431,2.482,8,0.148,NA
"2013Q4",2013-10-01,"India","UAE",200,3.663,3.09,10.452,1.658,1.708,2.621,7,0.147,NA
"2014Q1",2014-01-01,"India","UAE",200,3.633,2.491,10.394,1.911,1.489,2.366,13,0.184,NA
"2014Q2",2014-04-01,"India","UAE",200,3.503,2.208,10.399,1.807,1.591,2.391,11,0.203,NA
"2014Q3",2014-07-01,"India","UAE",200,3.895,2.791,9.127,2.495,2.059,3.005,10,0.224,NA
"2014Q4",2014-10-01,"India","UAE",200,4.049,3.406,9.395,2.267,2.124,3.106,10,0.222,NA
"2015Q1",2015-01-01,"India","UAE",200,3.272,1.789,10.465,1.613,1.403,2.338,7,0.244,NA
"2015Q2",2015-04-01,"India","UAE",200,2.931,1.568,10.751,1.532,1.052,1.958,17,0.264,NA
"2015Q3",2015-07-01,"India","UAE",200,3.263,2.682,8.487,1.633,1.546,2.092,12,0.253,NA
"2015Q4",2015-10-01,"India","UAE",200,3.007,1.92,8.243,1.37,1.242,2.057,12,0.272,NA
"2016Q1",2016-01-01,"India","UAE",200,2.808,1.953,7.941,1.276,1.365,1.989,11,0.328,NA
"2016Q2",2016-04-01,"India","UAE",200,3.117,2.229,8.423,1.48,1.329,2.078,10,0.255,NA
"2016Q3",2016-07-01,"India","UAE",200,3.194,1.946,10.328,1.489,1.693,2.118,12,0.347,NA
"2016Q4",2016-10-01,"India","UAE",200,3.299,2.037,8.536,1.626,1.744,2.411,11,0.363,NA
"2017Q1",2017-01-01,"India","UAE",200,3.04,2.351,8.719,1.52,1.563,1.663,12,0.383,NA
"2017Q2",2017-04-01,"India","UAE",200,2.879,1.392,10.806,1.765,1.425,1.471,9,0.362,NA
"2017Q3",2017-07-01,"India","UAE",200,3.064,2.387,8.137,1.848,1.369,2.135,14,0.401,NA
"2017Q4",2017-10-01,"India","UAE",200,3.136,1.715,10.24,1.803,1.205,2.204,6,0.402,NA
"2018Q1",2018-01-01,"India","UAE",200,3.155,1.655,8.433,1.665,1.166,2.15,15,0.399,NA
"2018Q2",2018-04-01,"India","UAE",200,2.893,1.971,9.374,1.42,1.228,1.463,10,0.437,NA
"2018Q3",2018-07-01,"India","UAE",200,3.088,2.007,10.665,1.671,1.37,1.657,11,0.447,NA
"2018Q4",2018-10-01,"India","UAE",200,3.124,1.849,8.77,1.439,1.687,2.273,10,0.446,NA
"2019Q1",2019-01-01,"India","UAE",200,3.528,2.827,10.238,1.841,1.778,2.491,7,0.459,NA
"2019Q2",2019-04-01,"India","UAE",200,3.185,2.548,9.659,1.71,1.309,1.825,9,0.477,NA
"2019Q3",2019-07-01,"India","UAE",200,3.426,2.271,10.173,1.68,1.815,2.463,15,0.5,NA
"2019Q4",2019-10-01,"India","UAE",200,2.96,1.794,8.942,1.354,1.381,1.969,16,0.5,NA
"2020Q1",2020-01-01,"India","UAE",200,3.059,2.24,10.501,1.651,1.528,2.183,7,0.497,NA
"2020Q2",2020-04-01,"India","UAE",200,2.683,1.351,10.531,1.343,1.457,1.496,11,0.5,NA
"2020Q3",2020-07-01,"India","UAE",200,3.086,2.483,9.822,1.669,1.119,1.765,8,0.5,NA
"2020Q4",2020-10-01,"India","UAE",200,3.16,1.983,10.174,1.661,1.51,1.815,10,0.5,NA
"2021Q1",2021-01-01,"India","UAE",200,2.952,1.752,7.954,1.837,1.358,1.898,11,0.5,NA
"2021Q2",2021-04-01,"India","UAE",200,2.867,2.092,8.061,1.8,1.323,1.942,8,0.5,NA
"2021Q3",2021-07-01,"India","UAE",200,2.96,1.496,9.484,1.76,1.113,1.729,11,0.5,NA
"2021Q4",2021-10-01,"India","UAE",200,3.066,2.084,8.365,1.879,1.162,1.85,15,0.5,NA
"2022Q1",2022-01-01,"India","UAE",200,3.345,1.864,8.59,1.905,1.382,2.284,7,0.5,NA
"2022Q2",2022-04-01,"India","UAE",200,2.974,2.194,10.307,1.684,1.449,1.837,9,0.5,NA
"2022Q3",2022-07-01,"India","UAE",200,2.674,2.031,8.2,1.353,1.009,1.515,11,0.5,NA
"2022Q4",2022-10-01,"India","UAE",200,3.601,2.43,9.097,1.919,1.905,2.709,11,0.5,NA
"2023Q1",2023-01-01,"India","UAE",200,2.935,2.42,8.09,1.36,1.589,1.636,10,0.5,NA
"2023Q2",2023-04-01,"India","UAE",200,2.916,2.038,9.633,1.495,1.353,1.614,11,0.5,NA
"2023Q3",2023-07-01,"India","UAE",200,3.134,1.692,10.066,1.85,1.365,2.263,10,0.5,NA
"2023Q4",2023-10-01,"India","UAE",200,2.078,1.166,7.954,1.237,0.896,1.27,11,0.5,NA
"2024Q1",2024-01-01,"India","UAE",200,2.672,1.456,10.638,1.252,1.453,1.821,10,0.5,NA
"2024Q2",2024-04-01,"India","UAE",200,2.883,2.12,9.14,1.345,1.157,1.426,13,0.5,NA
"2024Q3",2024-07-01,"India","UAE",200,2.58,1.927,9.64,1.269,0.924,1.545,12,0.5,NA
"2024Q4",2024-10-01,"India","UAE",200,2.392,1.035,9.071,1.249,1.044,0.973,10,0.5,NA
"2025Q1",2025-01-01,"India","UAE",200,2.457,1.789,10.376,1.332,0.966,1.483,14,0.5,NA
"2025Q2",2025-04-01,"India","UAE",200,3.162,2.029,10.697,1.986,1.646,2.067,11,0.5,NA
"2025Q3",2025-07-01,"India","UAE",200,3.157,2.538,9.382,2.009,1.602,1.751,12,0.5,NA
"2011Q1",2011-01-01,"India","USA",200,5.267,3.891,11.863,3.183,2.153,3.913,11,0.049,NA
"2011Q2",2011-04-01,"India","USA",200,5.235,4.068,10.751,3.322,2.004,3.875,9,0.052,NA
"2011Q3",2011-07-01,"India","USA",200,4.826,3.492,9.938,3.047,1.756,3.958,13,0.033,NA
"2011Q4",2011-10-01,"India","USA",200,4.005,3.449,9.205,2.109,1.527,3.049,13,0.033,NA
"2012Q1",2012-01-01,"India","USA",200,4.054,2.816,10.31,2.319,2.211,3.126,5,0.076,NA
"2012Q2",2012-04-01,"India","USA",200,4.088,2.881,11.23,2.581,1.757,2.609,13,0.142,NA
"2012Q3",2012-07-01,"India","USA",200,4.671,3.21,9.699,2.526,2.522,3.582,14,0.114,NA
"2012Q4",2012-10-01,"India","USA",200,4.668,3.32,11.386,2.971,2.391,3.348,11,0.088,NA
"2013Q1",2013-01-01,"India","USA",200,3.952,2.571,9.717,2.095,1.417,2.652,6,0.128,NA
"2013Q2",2013-04-01,"India","USA",200,4.181,3.336,9.819,1.903,2.004,3.267,11,0.148,NA
"2013Q3",2013-07-01,"India","USA",200,3.918,2.553,10.58,1.81,1.663,2.608,14,0.172,NA
"2013Q4",2013-10-01,"India","USA",200,3.506,2.595,9.951,2.135,1.607,2.61,9,0.168,NA
"2014Q1",2014-01-01,"India","USA",200,4.087,2.671,11.449,2.331,1.451,3.264,11,0.221,NA
"2014Q2",2014-04-01,"India","USA",200,4.322,3.717,11.005,1.998,2.327,2.939,15,0.212,NA
"2014Q3",2014-07-01,"India","USA",200,4.132,3.395,11.057,2.163,1.993,2.914,14,0.216,NA
"2014Q4",2014-10-01,"India","USA",200,4.594,3.827,10.259,2.647,1.97,3.413,9,0.207,NA
"2015Q1",2015-01-01,"India","USA",200,4.301,3.046,10.053,2.237,1.977,3.474,15,0.248,NA
"2015Q2",2015-04-01,"India","USA",200,3.674,2.318,10.601,1.881,1.997,2.821,10,0.206,NA
"2015Q3",2015-07-01,"India","USA",200,4.117,2.72,11.01,2.556,1.69,2.626,7,0.269,NA
"2015Q4",2015-10-01,"India","USA",200,3.865,2.877,9.597,2.067,1.403,3.042,9,0.266,NA
"2016Q1",2016-01-01,"India","USA",200,3.962,3.431,11.62,2.486,1.416,3.041,12,0.308,NA
"2016Q2",2016-04-01,"India","USA",200,3.67,2.723,9.767,2.248,1.733,2.318,13,0.328,NA
"2016Q3",2016-07-01,"India","USA",200,3.361,1.967,9.112,2.18,1.337,1.893,14,0.315,NA
"2016Q4",2016-10-01,"India","USA",200,3.724,3.172,11.037,2.006,1.912,2.562,13,0.323,NA
"2017Q1",2017-01-01,"India","USA",200,3.501,2.86,9.768,2.051,1.845,2.444,10,0.363,NA
"2017Q2",2017-04-01,"India","USA",200,3.47,2.188,9.633,1.603,1.82,2.069,11,0.354,NA
"2017Q3",2017-07-01,"India","USA",200,3.846,3.276,10.605,2.086,1.369,2.533,9,0.349,NA
"2017Q4",2017-10-01,"India","USA",200,3.008,1.996,8.151,1.894,1.097,2.12,10,0.378,NA
"2018Q1",2018-01-01,"India","USA",200,3.015,2.056,8.961,1.466,1.145,2.067,15,0.423,NA
"2018Q2",2018-04-01,"India","USA",200,3.797,2.851,9.984,1.79,1.53,2.388,5,0.43,NA
"2018Q3",2018-07-01,"India","USA",200,3.764,3.22,9.857,2.06,1.72,2.581,15,0.379,NA
"2018Q4",2018-10-01,"India","USA",200,3.195,2.512,8.329,2.031,1.135,2.224,9,0.429,NA
"2019Q1",2019-01-01,"India","USA",200,3.366,2.647,10.884,2.159,1.763,2.056,9,0.488,NA
"2019Q2",2019-04-01,"India","USA",200,3.488,2.922,9.385,2.094,1.504,2.558,13,0.489,NA
"2019Q3",2019-07-01,"India","USA",200,3.287,1.985,10.887,1.746,1.322,1.831,7,0.477,NA
"2019Q4",2019-10-01,"India","USA",200,3.184,2.661,8.97,1.834,1.311,2.305,12,0.5,NA
"2020Q1",2020-01-01,"India","USA",200,3.318,2.285,9.301,2.128,1.162,2.332,11,0.5,NA
"2020Q2",2020-04-01,"India","USA",200,3.668,2.794,11.666,1.654,1.899,2.479,11,0.5,NA
"2020Q3",2020-07-01,"India","USA",200,3.329,1.929,11,1.772,1.828,2.488,9,0.5,NA
"2020Q4",2020-10-01,"India","USA",200,3.613,2.979,10.678,1.662,1.742,2.723,12,0.5,NA
"2021Q1",2021-01-01,"India","USA",200,2.946,1.837,8.146,1.669,1.116,2.068,13,0.5,NA
"2021Q2",2021-04-01,"India","USA",200,3.768,2.78,10.781,1.723,1.608,2.362,8,0.5,NA
"2021Q3",2021-07-01,"India","USA",200,3.861,3.317,9.259,2.504,2.068,2.675,9,0.5,NA
"2021Q4",2021-10-01,"India","USA",200,3.459,2.579,10.197,1.573,1.842,2.388,12,0.5,NA
"2022Q1",2022-01-01,"India","USA",200,3.372,2.747,9.983,1.862,1.285,2.151,12,0.5,NA
"2022Q2",2022-04-01,"India","USA",200,2.948,1.654,8.843,1.356,1.293,1.661,5,0.5,NA
"2022Q3",2022-07-01,"India","USA",200,2.778,1.715,9.047,1.291,1.293,1.704,10,0.5,NA
"2022Q4",2022-10-01,"India","USA",200,3.059,2.073,8.07,1.759,1.625,1.844,5,0.5,NA
"2023Q1",2023-01-01,"India","USA",200,2.46,1.626,9.157,1.23,0.979,1.296,12,0.5,NA
"2023Q2",2023-04-01,"India","USA",200,2.967,1.782,10.863,1.622,1.482,1.998,10,0.5,NA
"2023Q3",2023-07-01,"India","USA",200,3.311,1.993,9.361,1.586,1.473,2.247,9,0.5,NA
"2023Q4",2023-10-01,"India","USA",200,3.278,2.761,9.186,1.598,1.636,2.407,11,0.5,NA
"2024Q1",2024-01-01,"India","USA",200,2.955,1.895,8.147,1.647,1.288,1.92,9,0.5,NA
"2024Q2",2024-04-01,"India","USA",200,3.206,2.109,8.789,1.992,1.646,2.142,12,0.5,NA
"2024Q3",2024-07-01,"India","USA",200,3.077,2.443,10.034,1.559,1.121,1.585,12,0.5,NA
"2024Q4",2024-10-01,"India","USA",200,3.621,2.439,9.415,1.787,1.461,2.757,5,0.5,NA
"2025Q1",2025-01-01,"India","USA",200,3.53,2.738,9.716,2.045,1.551,2.356,14,0.5,NA
"2025Q2",2025-04-01,"India","USA",200,3.898,2.711,11.474,2.016,1.426,3.038,13,0.5,NA
"2025Q3",2025-07-01,"India","USA",200,3.317,1.971,10.974,2.122,1.482,1.895,12,0.5,NA
